chrom,pos,start,stop,ref,alt,Gene_Name,Annotation_Impact,HGVS.c,HGVS.p
chr10,70741309,70741308,70741309,C,A,DDX21,MODERATE,c.2054C>A,p.Val685Glu
chr17,43138657,43138656,43138657,G,C,NMT1,MODIFIER,c.-41G>C,
chr19,5843958,5843957,5843958,G,A,FUT3,MODERATE,c.893C>T,p.Ser298Ile
chr20,62172692,62172691,62172692,G,A,SRMS,LOW,c.1137C>T,p.Ile379Ile
chr9,33795587,33795586,33795587,T,C,PRSS3,MODERATE,c.16T>C,p.Ile6Leu
chr11,193863,193862,193863,T,C,SCGB1C1,LOW,c.207T>C,p.Cys69Cys
chr11,1018196,1018195,1018196,A,T,MUC6,LOW,c.4605T>A,p.Pro1535Pro
chr12,11061632,11061631,11061632,C,G,TAS2R13,MODERATE,c.266G>C,p.Trp89Ser
chr19,5831628,5831627,5831628,G,A,FUT6,LOW,c.951C>T,p.Ser317Ser
chr2,196729311,196729310,196729311,T,TTG,DNAH7,HIGH,c.7066_7067dupCA,p.Met2357fs
chr6,26033611,26033610,26033611,G,A,HIST1H2AB,MODERATE,c.186C>T,p.Glu62Asp
chr11,193865,193864,193865,T,G,SCGB1C1,MODERATE,c.209T>G,p.Ile70Arg
chr11,1018459,1018458,1018459,G,T,MUC6,MODERATE,c.4342C>A,p.Pro1448Thr
chr11,1093013,1093012,1093016,TACC,T,MUC2,MODERATE,c.4833_4835delACC,p.Thr1612del
chr6,31948243,31948242,31948243,G,A,STK19,LOW,c.831G>A,p.Ala277Ala
chr15,65667650,65667649,65667650,C,T,IGDCC3,MODERATE,c.194G>A,p.Val65Glu
chr6,13711474,13711473,13711477,TGCG,T,RANBP9,MODERATE,c.261_263delCGC,p.Pro88del
chr7,5352210,5352209,5352210,C,T,TNRC18,MODERATE,c.8312G>A,p.Ser2771Tyr
chr13,45967565,45967564,45967580,ATCTTTATCCATTCTC,A,SLC25A30,MODIFIER,c.*2529_*2543delGAGAATGGATAAAGA,
chr2,97637673,97637672,97637673,C,T,FAM178B,LOW,c.973G>A,p.Thr325Thr
chr11,249016,249015,249016,G,A,PSMD13,MODERATE,c.739G>A,p.Val247Ile
chr10,31809197,31809196,31809197,G,C,ZEB1,MODERATE,c.937G>C,p.Ser313Pro
chr11,1018462,1018461,1018462,C,T,MUC6,MODERATE,c.4339G>A,p.Val1447Ile
chr11,1017883,1017882,1017883,C,T,MUC6,MODERATE,c.4918G>A,p.Ala1640Thr
chr19,6535028,6535027,6535028,G,A,TNFSF9,HIGH,c.716G>A,
chr19,1037792,1037791,1037792,C,T,CNN2,MODERATE,c.886C>T,p.Pro296Ser
chr19,1360339,1360338,1360339,C,T,MUM1,MODERATE,c.422C>T,p.Arg141Leu
chr19,4816443,4816442,4816443,G,A,TICAM1,LOW,c.1947C>T,p.Ala649Ala
chr6,24718870,24718869,24718870,G,A,C6orf62,MODERATE,c.27C>T,p.Lys9Asn
chr11,1018027,1018026,1018027,T,TGA,MUC6,HIGH,c.4773_4774insTC,p.Thr1592fs
chr5,35792462,35792461,35792462,G,A,SPEF2,MODERATE,c.4468G>A,p.Phe1490Ile
chr13,110436231,110436230,110436231,C,T,IRS2,MODERATE,c.2170G>A,p.Gly724Arg
chr19,1037834,1037833,1037834,C,A,CNN2,MODERATE,c.928C>A,p.Asp310Asn
chr7,100033813,100033812,100033813,C,T,PPP1R35,MODERATE,c.185G>A,p.Arg62Gln
chr19,5843811,5843810,5843811,T,C,FUT3,MODERATE,c.1040A>G,p.Glu347Gly
chr12,11091402,11091401,11091402,T,C,TAS2R14,LOW,c.405A>G,p.Leu135Leu
chr17,61972799,61972798,61972799,C,G,CSH1,MODERATE,c.490G>C,p.Thr164Pro
chr16,88901729,88901728,88901729,T,G,GALNS,MODERATE,c.790A>C,p.Ser264Arg
chr19,50771515,50771514,50771515,C,T,MYH14,MODERATE,c.2924C>T,p.Lys975Met
chr4,78870982,78870981,78870985,ACAG,A,MRPL1,MODERATE,c.810_812delCAG,p.Asn270_Leu271delinsLys
chr11,1016822,1016821,1016822,A,C,MUC6,LOW,c.5979T>G,p.Thr1993Thr
chr4,6062155,6062154,6062155,T,C,JAKMIP1,LOW,c.1640A>G,p.Gly547Gly
chr9,39078764,39078763,39078764,A,C,CNTNAP3,MODERATE,c.3596T>G,p.Pro1199Arg
chr12,132508358,132508357,132508358,G,A,EP400,MODERATE,c.4835G>A,p.Ile1612Asn
chr11,1017046,1017045,1017047,GT,G,MUC6,HIGH,c.5754delA,p.Pro1919fs
chr11,1016951,1016950,1016951,A,G,MUC6,LOW,c.5850T>C,p.Pro1950Pro
chr11,1017917,1017916,1017917,A,T,MUC6,LOW,c.4884T>A,p.Thr1628Thr
chr11,4091349,4091348,4091349,C,T,STIM1,MODERATE,c.707C>T,p.Tyr236Phe
chr9,33797934,33797933,33797934,C,T,PRSS3,MODERATE,c.479C>T,p.Thr160Ile
chr19,2434001,2434000,2434001,C,T,LMNB2,LOW,c.1305G>A,p.Lys435Lys
chr9,34971632,34971631,34971632,G,T,KIAA1045,MODERATE,c.337G>T,p.Asp113Tyr
chr16,2089956,2089955,2089956,C,T,NTHL1,LOW,c.908G>A,p.Gln303Gln
chr9,33795583,33795582,33795583,T,C,PRSS3,LOW,c.12T>C,p.Phe4Phe
chr9,35094242,35094241,35094242,C,G,PIGO,MODERATE,c.626G>C,p.Asn209Thr
chr9,39144343,39144342,39144343,G,A,CNTNAP3,MODERATE,c.1650C>T,p.Arg550Ser
chr19,42729991,42729990,42729991,C,G,ZNF526,MODERATE,c.1436C>G,p.Lys479Arg
chr9,33798066,33798065,33798066,C,T,PRSS3,MODERATE,c.611C>T,p.Thr204Ile
chr9,35725565,35725564,35725565,G,A,TLN1,MODERATE,c.127C>T,p.Pro43Ser
chr11,864442,864441,864445,CCTG,C,TSPAN4,MODERATE,c.331_333delCTG,p.Leu111del
chr9,91724767,91724766,91724767,C,T,RP11-82L18.2,MODIFIER,n.-554G>A,
chr11,1018419,1018418,1018419,G,A,MUC6,MODERATE,c.4382C>T,p.Thr1461Ile
chr4,55964391,55964390,55964391,T,C,KDR,MODERATE,c.2422A>G,p.Pro808Ala
chr6,31996544,31996543,31996544,T,C,C4B,MODERATE,c.3305T>C,p.Glu1102Ala
chr11,1016988,1016987,1016991,ATGT,A,MUC6,MODERATE,c.5810_5812delACA,p.Asn1937del
chr19,55175286,55175285,55175286,G,A,LILRB4,MODERATE,c.145G>A,p.Cys49Ser
chr2,32445745,32445744,32445745,T,C,SLC30A6,MODERATE,c.1469T>C,p.Tyr490Ser
chr11,1016106,1016105,1016106,G,A,MUC6,MODERATE,c.6695C>T,p.Thr2232Ile
chr12,11061568,11061567,11061568,G,C,TAS2R13,LOW,c.330C>G,p.Lys110Lys
chr3,38620908,38620907,38620908,G,T,SCN5A,MODERATE,c.3307C>A,p.Ser1103Thr
chr11,1017218,1017217,1017219,TG,T,MUC6,HIGH,c.5582delC,p.Thr1861fs
chr11,1018379,1018378,1018379,G,C,MUC6,LOW,c.4422C>G,p.Ala1474Ala
chr19,54744273,54744272,54744273,A,G,LILRA6,MODERATE,c.1135T>C,p.Ala379Pro
chr1,173826661,173826660,173826661,G,T,DARS2,MODERATE,c.1756G>T,p.Asp586Tyr
chr19,2853468,2853467,2853468,G,A,ZNF555,MODERATE,c.1405G>A,p.Glu469Lys
chr19,54696121,54696120,54696121,T,G,TSEN34,LOW,c.642T>G,p.Arg214Arg
chr11,17548312,17548311,17548312,G,A,USH1C,LOW,c.567C>T,p.Val189Val
chr19,20807183,20807182,20807183,A,T,ZNF626,LOW,c.1500T>A,p.Glu500Glu
chr5,33938012,33938011,33938012,G,A,RXFP3,HIGH,c.1167G>A,p.Tyr389*
chr12,11061600,11061599,11061600,G,A,TAS2R13,MODERATE,c.298C>T,p.Ala100Ser
chr19,3462957,3462956,3462960,CAGA,C,NFIC,MODIFIER,c.*191_*193delAGA,
chr19,6381779,6381778,6381782,CCTT,C,GTF2F1,MODERATE,c.762_764delAAG,p.Asp255del
chr8,144808131,144808130,144808131,C,T,FAM83H,MODERATE,c.3500G>A,p.Phe1167Tyr
chr16,24570951,24570950,24570951,G,A,RBBP6,MODERATE,c.800G>A,p.Thr267Asn
chr5,914657,914656,914657,G,A,TRIP13,LOW,c.1098G>A,p.Val366Val
chr9,35295835,35295834,35295835,G,A,UNC13B,LOW,c.705G>A,p.Pro235Pro
chr9,35605749,35605748,35605749,C,T,TESK1,MODERATE,c.133C>T,p.Arg45Cys
chr11,1016978,1016977,1016978,T,A,MUC6,MODERATE,c.5823A>T,p.Lys1941Asn
chr19,1037802,1037801,1037802,A,C,CNN2,LOW,c.896A>C,p.Thr299Thr
chr11,1017451,1017450,1017451,G,C,MUC6,MODERATE,c.5350C>G,p.His1784Asp
chr11,1016957,1016956,1016957,T,C,MUC6,LOW,c.5844A>G,p.Arg1948Arg
chr11,1018192,1018191,1018192,C,T,MUC6,MODERATE,c.4609G>A,p.Val1537Ile
chr16,2168024,2168023,2168024,C,T,PKD1,MODERATE,c.969G>A,p.His323Gln
chr19,1037757,1037756,1037757,G,A,CNN2,MODERATE,c.851G>A,p.Gly284Asp
chr6,2969768,2969767,2969770,ATG,A,SERPINB6,MODIFIER,c.-11+1997_-11+1998delCA,
chr11,1016733,1016732,1016733,G,T,MUC6,MODERATE,c.6068C>A,p.Thr2023Lys
chr11,1017891,1017890,1017891,G,T,MUC6,MODERATE,c.4910C>A,p.Ala1637Glu
chr19,2339164,2339163,2339164,C,T,SPPL2B,MODIFIER,n.-513C>T,
chr19,42729971,42729970,42729971,C,T,ZNF526,LOW,c.1416C>T,p.His472His
chr1,201196115,201196114,201196115,C,T,IGFN1,MODERATE,c.10892C>T,p.Cys3631Phe
chr9,33796787,33796786,33796787,C,G,PRSS3,MODERATE,c.358C>G,p.His120Asp
chr11,1017040,1017039,1017040,G,GA,MUC6,HIGH,c.5760_5761insT,p.His1921fs
chr11,65618530,65618529,65618530,C,T,SNX32,LOW,c.608C>T,p.Val203Val
chr16,30537185,30537184,30537185,G,A,ZNF768,LOW,c.276C>T,p.Gly92Gly
chr3,46717346,46717345,46717346,C,T,ALS2CL,MODIFIER,c.*695G>A,
chr7,100677881,100677880,100677881,G,A,MUC17,MODERATE,c.3184G>A,p.Leu1062Ile
chr19,3452573,3452572,3452573,G,A,NFIC,MODERATE,c.1178G>A,p.Ala393Asp
chr2,27449444,27449443,27449444,G,C,CAD,MODERATE,c.2083G>C,p.Ser695Arg
chr11,1016945,1016944,1016945,G,T,MUC6,LOW,c.5856C>A,p.Ala1952Ala
chr11,1017980,1017979,1017980,G,C,MUC6,MODERATE,c.4821C>G,p.His1607Gln
chr19,4512727,4512726,4512727,C,T,PLIN4,LOW,c.1203G>A,p.Lys401Lys
chr9,33797953,33797952,33797953,A,C,PRSS3,MODERATE,c.498A>C,p.Met166Ile
chr9,37746481,37746480,37746481,C,T,FRMPD1,MODERATE,c.4452C>T,p.Glu1484Asp
chr22,30928261,30928260,30928261,G,A,,MODIFIER,n.30928261G>A,
chr5,149498333,149498332,149498333,G,A,PDGFRB,LOW,c.2881C>T,p.Leu961Leu
chr19,4683012,4683011,4683012,C,T,DPP9,MODIFIER,c.*2628G>A,
chr9,35563340,35563339,35563340,C,A,FAM166B,LOW,c.109G>T,p.Tyr37Tyr
chr11,1016708,1016707,1016708,C,T,MUC6,LOW,c.6093G>A,p.Gln2031Gln
chr11,1017848,1017847,1017848,G,A,MUC6,LOW,c.4953C>T,p.Gly1651Gly
chr14,105478226,105478225,105478226,G,A,CDCA4,MODERATE,c.41C>T,p.Glu14Val
chr19,4511383,4511382,4511383,T,C,PLIN4,MODERATE,c.2547A>G,p.Asn849Lys
chr11,1018486,1018485,1018486,G,C,MUC6,MODERATE,c.4315C>G,p.Pro1439Ala
chr7,2646771,2646770,2646771,C,T,IQCE,HIGH,c.1879C>T,p.Arg627*
chr9,33798069,33798068,33798069,T,C,PRSS3,MODERATE,c.614T>C,p.Leu205Pro
chr11,1016825,1016824,1016825,G,A,MUC6,LOW,c.5976C>T,p.Thr1992Thr
chr19,42729977,42729976,42729977,T,G,ZNF526,MODERATE,c.1422T>G,p.Cys474Trp
chr11,1016944,1016943,1016944,G,T,MUC6,MODERATE,c.5857C>A,p.His1953Asn
chr11,1018473,1018472,1018473,A,T,MUC6,MODERATE,c.4328T>A,p.Leu1443His
chr4,17636632,17636631,17636632,C,T,FAM184B,LOW,c.2889G>A,p.Lys963Lys
chr4,55964388,55964387,55964388,C,CA,KDR,HIGH,c.2424_2425insT,p.Asp809fs
chr11,397050,397049,397050,G,A,PKP3,MODERATE,c.549G>A,
chr20,44756861,44756860,44756863,GCA,G,CD40,HIGH,c.645_646delCA,p.Lys217fs
chr9,33794842,33794841,33794842,G,A,PRSS3,MODERATE,c.47G>A,p.Pro16Gln
chr5,16675065,16675064,16675065,G,A,MYO10,MODERATE,c.4861C>T,p.Gly1621Cys
chr11,1017069,1017068,1017069,G,A,MUC6,MODERATE,c.5732C>T,p.Thr1911Met
chr17,75494634,75494633,75494634,C,T,SEPT9,MODERATE,c.1655C>T,p.Thr552Ile
chr19,7083402,7083401,7083402,G,A,ZNF557,MODERATE,c.940G>A,p.His314Asn
chr19,54725994,54725993,54725994,A,G,LILRB3,MODERATE,c.364T>C,p.Ser122Arg
chr9,34996833,34996832,34996833,C,T,DNAJB5,LOW,c.1125C>T,p.Val375Val
chr11,46726250,46726249,46726250,G,A,ZNF408,LOW,c.1000G>A,p.Thr334Thr
chr5,1882095,1882094,1882095,G,A,IRX4,LOW,c.124C>T,p.Ser42Ser
chr1,150459936,150459935,150459936,C,T,TARS2,LOW,c.10C>T,p.Tyr4Tyr
chr3,195938106,195938105,195938106,T,C,ZDHHC19,LOW,c.81A>G,p.Pro27Pro
chr19,886022,886021,886022,C,T,MED16,LOW,c.627G>A,p.Leu209Leu
chr19,35449968,35449967,35449968,C,T,ZNF792,LOW,c.791G>A,p.Asn264Asn
chr12,9312979,9312978,9312979,A,C,PZP,MODERATE,c.2980T>G,p.Asn994Asp
chr19,5273527,5273526,5273527,T,G,PTPRS,HIGH,c.305A>C,
chr11,1018479,1018478,1018479,G,A,MUC6,MODERATE,c.4322C>T,p.Thr1441Ile
chr17,8045165,8045164,8045165,C,T,PER1,LOW,c.3558G>A,p.Ser1186Ser
chr9,33794814,33794813,33794814,G,T,PRSS3,LOW,c.19G>T,p.Phe7Phe
chr9,35074176,35074175,35074176,G,A,FANCG,MODERATE,c.1798C>T,p.Ile600Phe
chr12,11061563,11061562,11061563,G,A,TAS2R13,MODERATE,c.335C>T,p.Ala112Val
chr19,6414510,6414509,6414510,C,T,KHSRP,MODIFIER,c.*525G>A,
chr9,17342369,17342368,17342369,G,A,CNTLN,MODERATE,c.1813G>A,p.Gln605Lys
chr11,1016714,1016713,1016714,G,A,MUC6,LOW,c.6087C>T,p.His2029His
chr5,137753239,137753238,137753242,ACCG,A,KDM3B,MODERATE,c.3376_3378delCCG,p.Cys1126del
chr11,5632437,5632436,5632437,C,T,TRIM6,LOW,c.1416C>T,p.Val472Val
chr12,11061615,11061614,11061615,G,A,TAS2R13,LOW,c.283C>T,p.Phe95Phe
chr19,1969886,1969885,1969886,G,A,CSNK1G2,MODERATE,c.115G>A,p.Val39Ile
chr19,7620505,7620504,7620505,G,A,PNPLA6,MODERATE,c.2979G>A,p.His993Gln
chr11,1017819,1017818,1017819,G,A,MUC6,MODERATE,c.4982C>T,p.Ala1661Val
chr13,77569337,77569336,77569337,A,G,CLN5,MODERATE,c.460A>G,p.Lys154Glu
chr1,220791828,220791827,220791828,G,A,MARK1,LOW,c.729G>A,p.Leu243Leu
chr9,130668313,130668312,130668315,GGT,G,ST6GALNAC6,MODIFIER,c.-9780_-9779delAC,
chr1,54708965,54708964,54708965,G,A,SSBP3,MODERATE,c.659C>T,p.Gly220Val
chr9,35399193,35399192,35399193,C,T,UNC13B,LOW,c.3899C>T,p.Val1300Val
chr11,557791,557790,557791,G,A,RASSF7,MODIFIER,c.-3978G>A,
chr19,42351603,42351602,42351603,C,T,DMRTC2,LOW,c.107C>T,p.Ile36Ile
chr12,123466215,123466214,123466217,GGA,G,ARL6IP4,HIGH,c.628_629delGA,p.Ser210fs
chr9,36169572,36169571,36169572,C,T,CCIN,HIGH,c.73C>T,p.Lys25*
chr9,35380549,35380548,35380549,C,T,UNC13B,LOW,c.2077C>T,p.Leu693Leu
chr11,1017045,1017044,1017045,G,T,MUC6,MODERATE,c.5756C>A,p.Pro1919His
chr19,1037808,1037807,1037808,G,A,CNN2,MODERATE,c.902G>A,p.Ala301Asp
chr11,1016756,1016755,1016756,G,A,MUC6,LOW,c.6045C>T,p.Ser2015Ser
chr11,1017227,1017226,1017227,A,T,MUC6,LOW,c.5574T>A,p.Pro1858Pro
chr17,7466484,7466483,7466487,GGAA,G,SENP3,MODERATE,c.92_94delGAA,p.Arg31del
chr1,176863957,176863956,176863957,G,A,ASTN1,MODERATE,c.2705C>T,p.Pro902Leu
chr14,73739284,73739283,73739284,G,A,PAPLN,MODERATE,c.3749G>A,p.Ala1250Asp
chr1,114242702,114242701,114242702,G,A,RP4-730K3.3,MODIFIER,n.-449C>T,
chr12,11091410,11091409,11091410,T,C,TAS2R14,MODERATE,c.397A>G,p.Leu133Val
chr9,1051665,1051664,1051665,G,A,DMRT2,MODERATE,c.52G>A,p.Glu18Lys
chr9,33886915,33886914,33886915,C,T,UBE2R2,MODERATE,c.214C>T,p.Pro72Ser
chr18,11610322,11610321,11610322,T,A,RP11-677O4.3,MODIFIER,n.779T>A,
chr9,33798078,33798077,33798078,T,A,PRSS3,MODERATE,c.623T>A,p.Gly208Asp
chr17,40642588,40642587,40642588,G,A,ATP6V0A1,MODERATE,c.1128G>A,
chr9,34996286,34996285,34996286,C,T,DNAJB5,MODERATE,c.578C>T,p.Ser193Leu
chr10,70730070,70730069,70730070,C,T,DDX21,MODERATE,c.1350C>T,p.Glu450Asp
chr11,1017824,1017823,1017824,G,C,MUC6,LOW,c.4977C>G,p.Leu1659Leu
chr19,1254069,1254068,1254070,GC,G,MIDN,HIGH,c.208delC,p.Glu70fs
chr19,5843833,5843832,5843833,T,G,FUT3,MODERATE,c.1018A>C,p.Ala340Pro
chr5,140871297,140871296,140871297,G,A,PCDHGA1,MODIFIER,c.2422-3077G>A,
chr5,14488257,14488256,14488257,C,T,TRIO,MODERATE,c.7520C>T,p.Asp2507Val
chr9,33797933,33797932,33797933,A,T,PRSS3,MODERATE,c.478A>T,p.Thr160Ser
chr19,2078416,2078415,2078416,C,T,MOB3A,LOW,c.144G>A,p.Ala48Ala
chr19,4945969,4945968,4945971,AGT,A,UHRF1,MODIFIER,n.1979_1980delGT,
chr4,9159242,9159241,9159242,C,T,FAM86KP,MODIFIER,n.197C>T,
chr15,40751927,40751926,40751927,A,C,BAHD1,MODERATE,c.1264A>C,p.Val422Leu
chr19,1037829,1037828,1037829,A,G,CNN2,MODERATE,c.923A>G,p.Thr308Ser
chr4,3447847,3447846,3447847,C,T,HGFAC,HIGH,c.1181C>T,
chr2,27306307,27306306,27306307,G,A,EMILIN1,MODERATE,c.1868G>A,p.Arg623His
chr11,1016795,1016794,1016795,C,G,MUC6,MODERATE,c.6006G>C,p.Gln2002His
chr6,31996553,31996552,31996553,T,G,C4B,MODERATE,c.3314T>G,p.Asn1105Ser
chr17,76089081,76089080,76089084,AGGT,A,TNRC6C,MODERATE,c.4030_4032delGGT,p.Tyr1344del
chr5,150407090,150407089,150407090,C,T,GPX3,HIGH,c.457C>T,p.Lys153*
chr11,1016995,1016994,1016995,T,C,MUC6,MODERATE,c.5806A>G,p.Thr1936Ala
chr19,41838182,41838181,41838182,G,A,TGFB1,MODERATE,c.865C>T,p.Thr289Ser
chr16,726433,726432,726433,C,T,RHBDL1,LOW,c.332C>T,p.Met111Met
chr9,33797932,33797931,33797932,G,A,PRSS3,MODERATE,c.477G>A,p.Asp159Glu
chr19,6222260,6222259,6222263,AAGG,A,MLLT1,MODERATE,c.979_981delCCT,p.Lys327del
chr9,3525817,3525816,3525820,AGAG,A,RFX3,MODIFIER,c.-149_-147delCTC,
chr11,118382699,118382698,118382699,G,A,KMT2A,LOW,c.11105G>A,p.Glu3702Glu
chr12,124402283,124402282,124402283,C,T,DNAH10,MODERATE,c.10801C>T,p.Ala3601Ser
chr11,1018487,1018486,1018487,G,T,MUC6,MODERATE,c.4314C>A,p.His1438Gln
chr6,10415205,10415204,10415208,CGAG,C,TFAP2A,MODERATE,c.17_19delCTC,p.Lys6_Leu7delinsMet
chr11,1017135,1017134,1017135,G,A,MUC6,MODERATE,c.5666C>T,p.Thr1889Ile
chr11,1016936,1016935,1016936,G,C,MUC6,LOW,c.5865C>G,p.Thr1955Thr
chr6,31996554,31996553,31996554,C,G,C4B,MODERATE,c.3315C>G,p.Asn1105Lys
chr1,11253803,11253802,11253803,G,A,ANGPTL7,LOW,c.644G>A,p.Gln215Gln
chr2,27263064,27263063,27263064,G,A,TMEM214,LOW,c.1789G>A,p.Arg597Arg
chr11,557778,557777,557778,G,A,RASSF7,MODIFIER,c.-3991G>A,
chr11,1017892,1017891,1017892,C,G,MUC6,MODERATE,c.4909G>C,p.Ala1637Pro
chr5,475231,475230,475231,A,T,SLC9A3,LOW,c.2268T>A,p.Val756Val
chr7,44799793,44799792,44799793,G,A,ZMIZ2,MODERATE,c.1037G>A,p.Gly346Asp
chr9,33796723,33796722,33796723,C,T,PRSS3,LOW,c.294C>T,p.Leu98Leu
chr11,1016934,1016933,1016934,G,A,MUC6,MODERATE,c.5867C>T,p.Ser1956Leu
chr11,1016707,1016706,1016707,T,C,MUC6,MODERATE,c.6094A>G,p.Met2032Val
chr14,21024680,21024679,21024680,C,T,RNASE9,MODERATE,c.564G>A,p.Asn188Lys
chr19,56190094,56190093,56190094,G,A,EPN1,MODERATE,c.434G>A,p.Gly145Asp
chr21,45509806,45509805,45509806,G,C,TRAPPC10,LOW,c.2862G>C,p.Ser954Ser
chr9,35403819,35403818,35403819,G,A,UNC13B,LOW,c.4658G>A,p.Glu1553Glu
chr11,1016939,1016938,1016939,G,A,MUC6,LOW,c.5862C>T,p.Thr1954Thr
chr12,11091409,11091408,11091409,A,G,TAS2R14,MODERATE,c.398T>C,p.Leu133Pro
chr1,220791825,220791824,220791825,A,G,MARK1,MODERATE,c.726A>G,p.Ser242Arg
chr9,35846542,35846541,35846542,G,A,TMEM8B,MODERATE,c.574G>A,p.Pro192Thr
chr11,1016968,1016967,1016968,T,G,MUC6,MODERATE,c.5833A>C,p.Thr1945Pro
chr19,6467672,6467671,6467672,G,A,DENND1C,MODERATE,c.2249C>T,p.Arg750Leu
chr3,196229855,196229854,196229859,AAGAG,A,RNF168,HIGH,c.186_189delCTCT,p.Arg63fs
chr9,20621902,20621901,20621904,CGT,C,MLLT3,MODIFIER,c.-130_-129delAC,
chr9,33797980,33797979,33797980,G,A,PRSS3,LOW,c.525G>A,p.Val175Val
chr11,1017426,1017425,1017426,C,T,MUC6,MODERATE,c.5375G>A,p.Arg1792Lys
chr11,1017979,1017978,1017979,G,A,MUC6,MODERATE,c.4822C>T,p.Pro1608Ser
chr12,11061562,11061561,11061562,T,C,TAS2R13,LOW,c.336A>G,p.Ala112Ala
chr19,54696119,54696118,54696119,T,A,TSEN34,MODERATE,c.640T>A,p.Arg214Ser
chr2,201477501,201477500,201477501,C,T,AOX1,MODERATE,c.1433C>T,p.Gln478Leu
chr3,128341204,128341203,128341204,C,T,RPN1,MODERATE,c.1444G>A,p.Val482Ile
chr9,19337638,19337637,19337638,G,A,DENND4C,MODIFIER,c.*750G>A,
chr11,1018069,1018068,1018069,G,A,MUC6,MODERATE,c.4732C>T,p.Pro1578Ser
chr19,16437710,16437709,16437712,TAC,T,KLF2,HIGH,c.937_938delAC,p.Phe313fs
chr11,1017465,1017464,1017465,C,A,MUC6,MODERATE,c.5336G>T,p.Arg1779Ile
chr12,11061557,11061556,11061557,G,T,TAS2R13,MODERATE,c.341C>A,p.Phe114Tyr
chr18,6301947,6301946,6301947,T,A,L3MBTL4,HIGH,c.82A>T,p.Glu28*
chr5,692776,692775,692780,ATGGG,A,TPPP,MODIFIER,c.-5+613_-5+616delCCCA,
chr19,1827424,1827423,1827424,C,T,REXO1,MODERATE,c.1364G>A,p.Ala455Glu
chr19,4216345,4216344,4216345,G,A,ANKRD24,LOW,c.1605G>A,p.Gln535Gln
chr19,4683099,4683098,4683102,GCCT,G,DPP9,MODIFIER,c.*2538_*2540delAGG,
chr19,5595388,5595387,5595388,C,T,SAFB2,MODERATE,c.1903G>A,p.Glu635Lys
chr1,100155125,100155124,100155125,A,C,PALMD,MODERATE,c.1309A>C,p.Asp437His
chr9,13176257,13176256,13176257,G,T,MPDZ,MODERATE,c.2809C>A,p.Ala937Thr
chr19,1037767,1037766,1037767,G,A,CNN2,LOW,c.861G>A,p.Arg287Arg
chr17,8045144,8045143,8045144,C,T,PER1,LOW,c.3579G>A,p.Leu1193Leu
chr19,54725995,54725994,54725995,G,T,LILRB3,HIGH,c.363C>A,p.Tyr121*
chr9,14307286,14307285,14307286,G,A,NFIB,LOW,c.264C>T,p.Tyr88Tyr
chr11,1016916,1016915,1016916,A,G,MUC6,MODERATE,c.5885T>C,p.Leu1962Pro
chr11,1018365,1018364,1018365,G,A,MUC6,MODERATE,c.4436C>T,p.Ala1479Val
chr12,6602040,6602039,6602043,GCTT,G,MRPL51,MODERATE,c.175_177delAAG,p.Asn59del
chr19,3381801,3381800,3381801,G,A,NFIC,LOW,c.122G>A,p.Tyr41Tyr
chr19,19349189,19349188,19349189,C,T,NCAN,LOW,c.3378C>T,p.Val1126Val
chr6,1390742,1390741,1390745,TCAC,T,FOXF2,MODERATE,c.561_563delCAC,p.Ser188del
chr9,35842688,35842687,35842688,G,A,TMEM8B,MODERATE,c.253G>A,p.Leu85Ile
chr5,16478985,16478984,16478985,G,A,FAM134B,LOW,c.782C>T,p.Ile261Ile
chr9,35752687,35752686,35752687,C,T,RGP1,MODERATE,c.1112C>T,p.Ser371Phe
chr19,498663,498662,498666,CAGG,C,MADCAM1,MODERATE,c.520_522delGAG,p.Glu174del
chr11,1016961,1016960,1016961,G,A,MUC6,MODERATE,c.5840C>T,p.Thr1947Ile
chr19,5843866,5843865,5843866,G,A,FUT3,MODERATE,c.985C>T,p.Arg329Cys
chr4,9159212,9159211,9159212,C,T,FAM86KP,MODIFIER,n.167C>T,
chr5,37140676,37140675,37140676,G,A,C5orf42,MODIFIER,n.-987C>T,
chr12,57003618,57003617,57003618,C,T,BAZ2A,MODERATE,c.2000G>A,p.Pro667His
chr19,1154221,1154220,1154221,G,A,SBNO2,MODERATE,c.55C>T,p.Pro19Ser
chr8,69129943,69129942,69129943,C,A,PREX2,MODERATE,c.4697C>A,p.Met1566Lys
chr11,1017764,1017763,1017764,G,C,MUC6,MODERATE,c.5037C>G,p.Ser1679Arg
chr11,1017036,1017035,1017036,G,GCA,MUC6,HIGH,c.5764_5765insTG,p.Thr1922fs
chr5,2749677,2749676,2749677,G,A,IRX2,LOW,c.474C>T,p.Leu158Leu
chr6,31996539,31996538,31996539,G,C,C4B,LOW,c.3300G>C,p.Leu1100Leu
chr9,33797930,33797929,33797930,G,GCT,PRSS3,HIGH,c.475_476insCT,p.Asp159fs
chr6,56482187,56482186,56482189,TCA,T,DST,HIGH,c.6076_6077delTG,p.His2026fs
chr6,43008795,43008794,43008795,C,G,CUL7,LOW,c.3916G>C,p.Arg1306Arg
chr9,33797937,33797936,33797937,T,G,PRSS3,MODERATE,c.482T>G,p.Leu161Arg
chr16,72139247,72139246,72139247,C,T,DHX38,MODERATE,c.2379C>T,p.Lys793Asn
chr19,14765881,14765880,14765881,G,A,EMR3,MODERATE,c.490C>T,p.Ile164Phe
chr1,152085156,152085155,152085156,C,A,TCHH,MODERATE,c.537G>T,p.Glu179Asp
chr2,196729315,196729314,196729315,G,C,DNAH7,MODERATE,c.7064C>G,p.Ala2355Gly
chr9,127651572,127651571,127651574,CCT,C,GOLGA1,HIGH,c.1609_1610delAG,p.Ser537fs
chr11,1018314,1018313,1018314,G,A,MUC6,MODERATE,c.4487C>T,p.Thr1496Ile
chr12,11061554,11061553,11061554,C,T,TAS2R13,MODERATE,c.344G>A,p.Ser115Tyr
chr5,1878382,1878381,1878385,TGGC,T,IRX4,MODERATE,c.1258_1260delGCC,p.His420del
chr11,65386975,65386974,65386975,A,G,MAP3K11,MODIFIER,n.-4122T>C,
chr9,33798048,33798047,33798048,C,T,PRSS3,LOW,c.593C>T,p.Ile198Ile
chr9,36594706,36594705,36594706,C,T,MELK,HIGH,c.343C>T,p.Gln115*
chr17,41347022,41347021,41347022,G,A,NBR1,LOW,c.1716G>A,p.Gln572Gln
chrX,13618177,13618176,13618177,G,A,EGFL6,LOW,c.364G>A,p.Ser122Ser
chr11,1016967,1016966,1016967,G,A,MUC6,MODERATE,c.5834C>T,p.Thr1945Ile
chr4,55964396,55964395,55964396,T,G,KDR,MODERATE,c.2417A>C,p.Met806Thr
chr19,54725965,54725964,54725966,AC,A,LILRB3,HIGH,c.392delG,p.Ser131fs
chrX,49346325,49346324,49346325,T,C,GAGE12H,MODERATE,c.154T>C,p.Asp52His
chr11,1018463,1018462,1018463,G,A,MUC6,LOW,c.4338C>T,p.His1446His
chr9,39361445,39361444,39361445,G,A,SPATA31A1,LOW,c.3683G>A,p.His1228His
chr13,45968958,45968957,45968958,G,A,SLC25A30,MODIFIER,c.*1151C>T,
chr5,446453,446452,446453,G,A,EXOC3,MODERATE,c.133G>A,p.Ala45Thr
chr12,124821477,124821476,124821479,ATC,A,NCOR2,HIGH,c.5956_5957delGA,p.Arg1986fs
chr19,1037843,1037842,1037843,G,T,CNN2,MODERATE,c.937G>T,p.Asp313Tyr
chr11,1017050,1017049,1017050,G,A,MUC6,LOW,c.5751C>T,p.Ser1917Ser
chr12,9312981,9312980,9312981,T,C,PZP,MODERATE,c.2978A>G,p.Leu993Trp
chr19,1037782,1037781,1037782,C,A,CNN2,LOW,c.876C>A,p.Pro292Pro
chr3,10343028,10343027,10343028,G,A,SEC13,HIGH,c.1024C>T,p.Gln342*
chr9,35351332,35351331,35351332,G,A,UNC13B,MODIFIER,c.1204-15612G>A,
chr7,135258545,135258544,135258545,G,A,NUP205,LOW,c.315G>A,p.Glu105Glu
chr9,33798039,33798038,33798039,T,C,PRSS3,MODERATE,c.584T>C,p.Glu195Ala
chr1,11080564,11080563,11080569,ACACAC,A,TARDBP,HIGH,c.623_627delCACAC,p.Arg208fs
chr19,54725989,54725988,54725990,AG,A,LILRB3,HIGH,c.368delC,p.Lys123fs
chr5,1038331,1038330,1038334,GCAC,G,NKD2,MODERATE,c.1200_1202delCAC,p.Ala401del
chr9,32987732,32987731,32987732,C,T,APTX,MODERATE,c.335G>A,p.Val112Glu
chr11,1017893,1017892,1017893,A,G,MUC6,LOW,c.4908T>C,p.His1636His
chr12,11061592,11061591,11061592,G,A,TAS2R13,LOW,c.306C>T,p.Ile102Ile
chr20,44054220,44054219,44054220,C,T,PIGT,LOW,c.1491C>T,p.Pro497Pro
chr22,31335946,31335945,31335946,G,A,MORC2,MODERATE,c.987C>T,p.Arg329Ser
chr2,27449440,27449439,27449440,G,C,CAD,LOW,c.2079G>C,p.Leu693Leu
chr16,67942789,67942788,67942789,G,A,PSKH1,MODERATE,c.137G>A,p.Gly46Asp
chr11,1017221,1017220,1017221,G,GA,MUC6,HIGH,c.5579_5580insT,p.Thr1861fs
chr12,120222852,120222851,120222852,C,T,CIT,MODERATE,c.1313G>A,p.Leu438Gln
chr11,1016958,1016957,1016958,C,A,MUC6,MODERATE,c.5843G>T,p.Arg1948Ile
chr12,11061633,11061632,11061633,A,G,TAS2R13,MODERATE,c.265T>C,p.Trp89Arg
chr11,1016818,1016817,1016818,A,G,MUC6,MODERATE,c.5983T>C,p.Tyr1995His
chr11,1016960,1016959,1016960,G,A,MUC6,LOW,c.5841C>T,p.Thr1947Thr
chr4,55964393,55964392,55964393,A,G,KDR,HIGH,c.2420T>C,
chr16,1257080,1257079,1257080,C,T,CACNA1H,LOW,c.2869C>T,p.Phe957Phe
chrX,101911426,101911425,101911426,C,T,GPRASP1,LOW,c.2585C>T,p.Phe862Phe
chr2,201888714,201888713,201888716,GTC,G,FAM126B,HIGH,c.17_18delGA,p.Arg6fs
chr9,33796779,33796778,33796779,A,G,PRSS3,HIGH,c.350A>G,p.Ser117*
chr9,8528611,8528610,8528611,C,T,PTPRD,HIGH,c.521G>A,
chr19,41206254,41206253,41206256,CCT,C,ADCK4,HIGH,c.994_995delAG,p.Leu332fs
chrX,100667395,100667394,100667395,C,A,HNRNPH2,MODERATE,c.419C>A,p.Gly140Glu
chr11,1017592,1017591,1017592,G,A,MUC6,HIGH,c.5209C>T,p.Arg1737*
chr11,1018029,1018028,1018031,ATG,A,MUC6,HIGH,c.4770_4771delCA,p.Met1591fs
chr8,26626482,26626481,26626488,AACACAC,A,RP11-384C12.1,MODIFIER,n.-2824_-2819delACACAC,
chr9,27560827,27560826,27560827,G,A,C9orf72,MODIFIER,c.*752C>T,
chr9,35712993,35712992,35712993,C,T,TLN1,MODERATE,c.3400G>A,p.Ala1134Thr
chr11,1016970,1016969,1016970,C,T,MUC6,MODERATE,c.5831G>A,p.Ser1944Asn
chr11,119185415,119185414,119185415,C,T,MCAM,MODERATE,c.445G>A,p.Pro149Thr
chr11,1017467,1017466,1017467,G,A,MUC6,LOW,c.5334C>T,p.Thr1778Thr
chr18,3116411,3116410,3116411,C,T,MYOM1,MODERATE,c.3221G>A,p.Phe1074Tyr
chr11,1016954,1016953,1016954,G,C,MUC6,LOW,c.5847C>G,p.Thr1949Thr
chr12,109052621,109052620,109052624,CCGG,C,CORO1C,MODERATE,c.679_681delCCG,p.Ser227del
chr19,1371064,1371063,1371064,G,A,MUM1,MODERATE,c.1976G>A,p.Val659Glu
chr19,5786890,5786889,5786890,C,T,DUS3L,MODERATE,c.344G>A,p.Leu115Gln
chr19,4054750,4054749,4054750,G,A,ZBTB7A,MODERATE,c.481C>T,p.Leu161Phe
chr6,1390850,1390849,1390853,GGGC,G,FOXF2,MODERATE,c.669_671delGGC,p.Gln223_Gly224delinsHis
chr16,15771739,15771738,15771739,G,A,NDE1,LOW,c.319G>A,p.Lys107Lys
chr19,1037845,1037844,1037845,A,G,CNN2,MODERATE,c.939A>G,p.Asp313Glu
chr9,38569128,38569127,38569128,C,T,RP11-392E22.11,MODIFIER,n.-709G>A,
chr7,142749677,142749676,142749677,T,C,OR6V1,LOW,c.240T>C,p.Leu80Leu
chr19,38383234,38383233,38383234,A,G,WDR87,MODERATE,c.3109T>C,p.Thr1037Pro
chr5,642174,642173,642174,C,G,CEP72,MODIFIER,n.-2079C>G,
chr5,879937,879936,879937,G,A,BRD9,LOW,c.1110C>T,p.Leu370Leu
chr17,39724796,39724795,39724796,C,T,KRT9,LOW,c.1134G>A,p.Gln378Gln
chr19,3783145,3783144,3783145,G,A,MATK,MODERATE,c.658C>T,p.Ala220Ser
chr3,38945490,38945489,38945490,C,T,SCN11A,MODERATE,c.1708G>A,p.Leu570Met
chr6,32012996,32012995,32012996,A,G,TNXB,MODERATE,c.10714T>C,p.Met3572Leu
chr14,21492779,21492778,21492779,C,T,NDRG2,MODIFIER,c.-597G>A,
chr18,7231274,7231273,7231274,C,T,LRRC30,LOW,c.138C>T,p.Arg46Arg
chr11,1016732,1016731,1016732,T,C,MUC6,LOW,c.6069A>G,p.Thr2023Thr
chr12,11091757,11091756,11091757,A,T,TAS2R14,MODERATE,c.50T>A,p.Phe17Tyr
chr11,1017042,1017041,1017044,TAA,T,MUC6,HIGH,c.5757_5758delTT,p.Tyr1920fs
chr21,46643501,46643500,46643501,G,A,ADARB1,MODIFIER,c.*1389G>A,
chr14,100126690,100126689,100126690,C,T,HHIPL1,LOW,c.1449C>T,p.Gly483Gly
chr19,57328692,57328691,57328692,C,A,PEG3,MODERATE,c.1118G>T,p.Gly373Val
chr11,1017844,1017843,1017844,T,C,MUC6,MODERATE,c.4957A>G,p.Ile1653Val
chr11,1018182,1018181,1018182,G,T,MUC6,MODERATE,c.4619C>A,p.Thr1540Asn
chr19,2936555,2936554,2936555,C,T,ZNF77,MODERATE,c.278G>A,p.Gly93Glu
chr6,16326718,16326717,16326718,C,T,ATXN1,LOW,c.1824G>A,p.Leu608Leu
chr9,33795599,33795598,33795599,T,C,PRSS3,MODERATE,c.28T>C,p.Val10Leu
chr11,1018186,1018185,1018186,G,T,MUC6,MODERATE,c.4615C>A,p.Pro1539Thr
chr19,932496,932495,932499,TGAG,T,ARID3A,MODERATE,c.462_464delGGA,p.Glu154del
chr12,11061583,11061582,11061583,A,G,TAS2R13,LOW,c.315T>C,p.Ile105Ile
chr9,33796705,33796704,33796705,C,G,PRSS3,LOW,c.276C>G,p.Leu92Leu
chr1,153609110,153609109,153609110,A,C,CHTOP,MODERATE,c.46A>C,p.Lys16Gln
chr9,35101928,35101927,35101928,G,A,STOML2,LOW,c.315C>T,p.Leu105Leu
chr11,1017417,1017416,1017417,G,A,MUC6,MODERATE,c.5384C>T,p.Thr1795Ile
chr11,1017899,1017898,1017899,A,T,MUC6,LOW,c.4902T>A,p.Pro1634Pro
chr7,100686711,100686710,100686714,CCCT,C,MUC17,MODERATE,c.12015_12017delCCT,p.Thr4006del
chr11,46893109,46893108,46893109,C,T,LRP4,LOW,c.4659G>A,p.Val1553Val
chr6,24797969,24797968,24797969,G,A,C6orf229,LOW,c.362C>T,p.Leu121Leu
chr7,100958450,100958449,100958450,C,T,RABL5,LOW,c.523G>A,p.Ser175Ser
chr9,36400728,36400727,36400728,C,T,RNF38,MODIFIER,c.-265G>A,
chr11,1017017,1017016,1017017,A,C,MUC6,LOW,c.5784T>G,p.Pro1928Pro
chr11,6622199,6622198,6622199,G,A,RRP8,LOW,c.1004C>T,p.Leu335Leu
chr12,11061635,11061634,11061635,G,A,TAS2R13,MODERATE,c.263C>T,p.Ser88Ile
chr2,96697864,96697863,96697864,C,T,GPAT2,LOW,c.94G>A,p.Lys32Lys
chr3,130893778,130893777,130893778,G,A,NEK11,MODIFIER,c.*154G>A,
chr6,1611906,1611905,1611909,CGCG,C,FOXC1,MODERATE,c.1227_1229delGCG,p.Gly410del
chr5,37245942,37245941,37245942,G,A,C5orf42,MODERATE,c.87C>T,p.Lys29Asn
chr9,33794813,33794812,33794813,G,A,PRSS3,LOW,c.18G>A,p.Gly6Gly
chr9,33794811,33794810,33794811,G,A,PRSS3,MODERATE,c.16G>A,p.Gly6Ser
chr11,1018481,1018480,1018481,C,G,MUC6,MODERATE,c.4320G>C,p.Glu1440Asp
chr17,7673610,7673609,7673610,T,C,DNAH2,MODERATE,c.3982T>C,p.Asp1328His
chr19,50548811,50548810,50548811,G,A,ZNF473,MODERATE,c.1111G>A,p.Ala371Thr
chr1,161722917,161722916,161722917,C,T,DUSP12,MODERATE,c.727C>T,p.Pro243Ser
chr5,37168977,37168976,37168977,A,C,C5orf42,LOW,c.7149T>G,p.Pro2383Pro
chr5,36985309,36985308,36985309,G,A,NIPBL,LOW,c.2027G>A,p.Asn676Asn
chr9,8375954,8375953,8375954,G,A,PTPRD,MODERATE,c.4643C>T,p.Pro1548Leu
chr11,1018467,1018466,1018467,G,A,MUC6,MODERATE,c.4334C>T,p.Thr1445Ile
chr9,35906350,35906349,35906356,CCTGCTG,C,HRCT1,MODERATE,c.79_84delCTGCTG,p.Leu27_Leu28del
chr11,1018348,1018347,1018348,G,A,MUC6,MODERATE,c.4453C>T,p.Pro1485Ser
chr11,1018408,1018407,1018408,G,T,MUC6,MODERATE,c.4393C>A,p.Pro1465Thr
chr19,830927,830926,830927,G,A,AZU1,MODERATE,c.580G>A,p.Gly194Ser
chr19,49129530,49129529,49129530,T,G,SPHK2,MODERATE,c.608T>G,p.Ala203Gly
chr6,106553649,106553648,106553649,G,A,PRDM1,MODERATE,c.1614G>A,p.Met538Ile
chr11,793597,793596,793597,G,A,SLC25A22,LOW,c.225C>T,p.Leu75Leu
chr11,1017955,1017954,1017955,C,T,MUC6,MODERATE,c.4846G>A,p.Val1616Ile
chr19,1037811,1037810,1037811,G,C,CNN2,MODERATE,c.905G>C,p.Asp302Ala
chr9,15978,15977,15978,C,T,DDX11L5,MODIFIER,n.*1456C>T,
chr19,2425059,2425058,2425059,G,A,TMPRSS9,LOW,c.2675G>A,p.Glu892Glu
chr20,3682083,3682082,3682083,C,T,SIGLEC1,LOW,c.1434G>A,p.Ile478Ile
chr1,16577241,16577240,16577241,A,C,FBXO42,LOW,c.2078T>G,p.Gly693Gly
chr9,33797941,33797940,33797941,G,A,PRSS3,MODERATE,c.486G>A,p.Asp162Glu
chr11,1016950,1016949,1016950,C,T,MUC6,MODERATE,c.5851G>A,p.Val1951Met
chr19,1037813,1037812,1037813,T,C,CNN2,MODERATE,c.907T>C,p.Gly303Arg
