procedure_occurrence_id,person_id,procedure_concept_id,procedure_date,procedure_datetime,procedure_type_concept_id,modifier_concept_id,quantity,provider_id,visit_occurrence_id,visit_detail_id,procedure_source_value,procedure_source_concept_id,modifier_source_value
0,0,4273629,,,4322976,,,,,,Chemotherapy,,
1,1,4273629,,,4322976,,,,,,Chemotherapy,,
2,2,4273629,,,4322976,,,,,,Chemotherapy,,
3,3,4273629,,,4322976,,,,,,Chemotherapy,,
4,4,4273629,,,4322976,,,,,,Chemotherapy,,
5,5,4273629,,,4322976,,,,,,Chemotherapy,,
6,6,4220084,,,4322976,,,,,,Radiation,,
7,6,4273629,,,4322976,,,,,,Chemotherapy,,
8,7,4273629,,,4322976,,,,,,Chemotherapy,,
9,8,4273629,,,4322976,,,,,,Chemotherapy,,
10,9,4273629,,,4322976,,,,,,Chemotherapy,,
11,10,4273629,,,4322976,,,,,,Chemotherapy,,
12,11,4273629,,,4322976,,,,,,Chemotherapy,,
13,12,4273629,,,4322976,,,,,,Chemotherapy,,
14,13,4273629,,,4322976,,,,,,Chemotherapy,,
15,14,4273629,,,4322976,,,,,,Chemotherapy,,
16,15,4273629,,,4322976,,,,,,Chemotherapy,,
17,16,4273629,,,4322976,,,,,,Chemotherapy,,
18,17,4273629,,,4322976,,,,,,Chemotherapy,,
19,18,4273629,,,4322976,,,,,,Chemotherapy,,
20,19,4273629,,,4322976,,,,,,Chemotherapy,,
21,20,4273629,,,4322976,,,,,,Chemotherapy,,
22,21,4273629,,,4322976,,,,,,Chemotherapy,,
23,21,4220084,,,4322976,,,,,,Radiation,,
24,22,4273629,,,4322976,,,,,,Chemotherapy,,
25,23,4273629,,,4322976,,,,,,Chemotherapy,,
26,24,4273629,,,4322976,,,,,,Chemotherapy,,
27,25,4273629,,,4322976,,,,,,Chemotherapy,,
28,26,4273629,,,4322976,,,,,,Chemotherapy,,
29,27,4220084,,,4322976,,,,,,Radiation,,
30,27,4273629,,,4322976,,,,,,Chemotherapy,,
31,28,4220084,,,4322976,,,,,,Radiation,,
32,28,4273629,,,4322976,,,,,,Chemotherapy,,
33,29,4220084,,,4322976,,,,,,Radiation,,
34,29,4273629,,,4322976,,,,,,Chemotherapy,,
35,30,4273629,,,4322976,,,,,,Chemotherapy,,
36,31,4273629,,,4322976,,,,,,Chemotherapy,,
37,31,4220084,,,4322976,,,,,,Radiation,,
38,32,4273629,,,4322976,,,,,,Chemotherapy,,
39,33,4273629,,,4322976,,,,,,Chemotherapy,,
40,33,4220084,,,4322976,,,,,,Radiation,,
41,34,4220084,,,4322976,,,,,,Radiation,,
42,34,4273629,,,4322976,,,,,,Chemotherapy,,
43,35,4273629,,,4322976,,,,,,Chemotherapy,,
44,36,4273629,,,4322976,,,,,,Chemotherapy,,
45,37,4273629,,,4322976,,,,,,Chemotherapy,,
46,38,4273629,,,4322976,,,,,,Chemotherapy,,
47,39,4273629,,,4322976,,,,,,Chemotherapy,,
48,40,4273629,,,4322976,,,,,,Chemotherapy,,
49,41,4273629,,,4322976,,,,,,Chemotherapy,,
50,42,4273629,,,4322976,,,,,,Chemotherapy,,
51,43,4273629,,,4322976,,,,,,Chemotherapy,,
52,44,4273629,,,4322976,,,,,,Chemotherapy,,
53,45,4273629,,,4322976,,,,,,Chemotherapy,,
54,45,4220084,,,4322976,,,,,,Radiation,,
55,46,4273629,,,4322976,,,,,,Chemotherapy,,
56,48,4273629,,,4322976,,,,,,Chemotherapy,,
57,48,4220084,,,4322976,,,,,,Radiation,,
58,49,4273629,,,4322976,,,,,,Chemotherapy,,
59,50,4273629,,,4322976,,,,,,Chemotherapy,,
60,51,4273629,,,4322976,,,,,,Chemotherapy,,
